
-- ═══════════════ ATTENDANCE (10 working days March 2026) ═══════════════
-- Karim (EMP-001): 8 present, 1 late, 1 absent
INSERT INTO attendance (employee_id, date, check_in, check_out, status, notes) VALUES
  ('a000000b-0000-0000-0000-000000000001', '2026-03-01', '08:55', '17:05', 'present', NULL),
  ('a000000b-0000-0000-0000-000000000001', '2026-03-02', '09:00', '17:00', 'present', NULL),
  ('a000000b-0000-0000-0000-000000000001', '2026-03-03', '08:50', '17:10', 'present', NULL),
  ('a000000b-0000-0000-0000-000000000001', '2026-03-04', '09:30', '17:00', 'late', 'Traffic delay'),
  ('a000000b-0000-0000-0000-000000000001', '2026-03-05', '09:00', '17:00', 'present', NULL),
  ('a000000b-0000-0000-0000-000000000001', '2026-03-08', NULL, NULL, 'absent', 'Sick leave'),
  ('a000000b-0000-0000-0000-000000000001', '2026-03-09', '08:55', '17:05', 'present', NULL),
  ('a000000b-0000-0000-0000-000000000001', '2026-03-10', '09:00', '17:00', 'present', NULL),
  ('a000000b-0000-0000-0000-000000000001', '2026-03-11', '08:50', '17:00', 'present', NULL),
  ('a000000b-0000-0000-0000-000000000001', '2026-03-12', '09:00', '17:05', 'present', NULL);

-- Fatima (EMP-002): 9 present, 1 absent
INSERT INTO attendance (employee_id, date, check_in, check_out, status, notes) VALUES
  ('a000000b-0000-0000-0000-000000000002', '2026-03-01', '09:00', '17:00', 'present', NULL),
  ('a000000b-0000-0000-0000-000000000002', '2026-03-02', '08:55', '17:05', 'present', NULL),
  ('a000000b-0000-0000-0000-000000000002', '2026-03-03', '09:00', '17:00', 'present', NULL),
  ('a000000b-0000-0000-0000-000000000002', '2026-03-04', '09:00', '17:00', 'present', NULL),
  ('a000000b-0000-0000-0000-000000000002', '2026-03-05', '08:50', '17:00', 'present', NULL),
  ('a000000b-0000-0000-0000-000000000002', '2026-03-08', '09:00', '17:00', 'present', NULL),
  ('a000000b-0000-0000-0000-000000000002', '2026-03-09', NULL, NULL, 'absent', 'Personal leave'),
  ('a000000b-0000-0000-0000-000000000002', '2026-03-10', '09:00', '17:00', 'present', NULL),
  ('a000000b-0000-0000-0000-000000000002', '2026-03-11', '08:55', '17:05', 'present', NULL),
  ('a000000b-0000-0000-0000-000000000002', '2026-03-12', '09:00', '17:00', 'present', NULL);

-- Rafiq (EMP-003): 7 present, 2 late, 1 absent
INSERT INTO attendance (employee_id, date, check_in, check_out, status, notes) VALUES
  ('a000000b-0000-0000-0000-000000000003', '2026-03-01', '09:00', '17:00', 'present', NULL),
  ('a000000b-0000-0000-0000-000000000003', '2026-03-02', '09:25', '17:00', 'late', 'Bus delay'),
  ('a000000b-0000-0000-0000-000000000003', '2026-03-03', '09:00', '17:00', 'present', NULL),
  ('a000000b-0000-0000-0000-000000000003', '2026-03-04', '08:55', '17:05', 'present', NULL),
  ('a000000b-0000-0000-0000-000000000003', '2026-03-05', NULL, NULL, 'absent', 'Family emergency'),
  ('a000000b-0000-0000-0000-000000000003', '2026-03-08', '09:00', '17:00', 'present', NULL),
  ('a000000b-0000-0000-0000-000000000003', '2026-03-09', '09:20', '17:00', 'late', 'Late arrival'),
  ('a000000b-0000-0000-0000-000000000003', '2026-03-10', '09:00', '17:00', 'present', NULL),
  ('a000000b-0000-0000-0000-000000000003', '2026-03-11', '08:50', '17:00', 'present', NULL),
  ('a000000b-0000-0000-0000-000000000003', '2026-03-12', '09:00', '17:05', 'present', NULL);

-- Leave requests
INSERT INTO leave_requests (employee_id, leave_type_id, start_date, end_date, reason, status) VALUES
  ('a000000b-0000-0000-0000-000000000001', 'a000000a-0000-0000-0000-000000000002', '2026-03-08', '2026-03-08', 'Feeling unwell', 'approved'),
  ('a000000b-0000-0000-0000-000000000002', 'a000000a-0000-0000-0000-000000000003', '2026-03-09', '2026-03-09', 'Personal work', 'approved'),
  ('a000000b-0000-0000-0000-000000000003', 'a000000a-0000-0000-0000-000000000003', '2026-03-05', '2026-03-05', 'Family emergency', 'approved');

-- ═══════════════ SALARY STRUCTURES ═══════════════
INSERT INTO salary_structures (employee_id, basic_salary, allowances, deductions, effective_from) VALUES
  ('a000000b-0000-0000-0000-000000000001', 35000, 10000, 2000, '2024-01-15'),
  ('a000000b-0000-0000-0000-000000000002', 22000, 8000, 1500, '2024-03-01'),
  ('a000000b-0000-0000-0000-000000000003', 15000, 5000, 1000, '2024-06-01');

-- ═══════════════ PAYROLL (March 2026) ═══════════════
INSERT INTO payroll (id, employee_id, month, year, basic_salary, allowances, deductions, net_salary, status) VALUES
  ('a0000011-0000-0000-0000-000000000001', 'a000000b-0000-0000-0000-000000000001', 3, 2026, 35000, 10000, 2000, 43000, 'approved'),
  ('a0000011-0000-0000-0000-000000000002', 'a000000b-0000-0000-0000-000000000002', 3, 2026, 22000, 8000, 1500, 28500, 'approved'),
  ('a0000011-0000-0000-0000-000000000003', 'a000000b-0000-0000-0000-000000000003', 3, 2026, 15000, 5000, 1000, 19000, 'approved');

-- Payroll accounting: Dr Salary Expense, Cr Cash (total: 43000+28500+19000 = 90,500)
INSERT INTO acc_vouchers (id, voucher_number, voucher_type, voucher_date, description, branch_id, financial_year_id, total_amount, status, approved_at) VALUES
  ('a000000d-0000-0000-0000-000000000014', 'JV-2026-00011', 'journal', '2026-03-15', 'Payroll March 2026', 'b0000001-0000-0000-0000-000000000001', 'f0000001-0000-0000-0000-000000000001', 90500, 'approved', '2026-03-15');
INSERT INTO voucher_entries (voucher_id, account_id, debit, credit, narration, sort_order) VALUES
  ('a000000d-0000-0000-0000-000000000014', 'ca000001-0000-0000-0000-000000000014', 90500, 0, 'Salary Expense March 2026', 0),
  ('a000000d-0000-0000-0000-000000000014', 'ca000001-0000-0000-0000-000000000002', 0, 90500, 'Salary paid from cash', 1);

UPDATE number_sequences SET current_number = 11 WHERE id = 'journal_voucher';
